T,n_regressors,scan_type,prob,crit_val,crit_val_se,n_finite,n_total
50,1,fw,0.01,-4.82244291656142,0.0621719670958226,10000,10000
50,1,fw,0.05,-4.09471749465266,0.0263475234291284,10000,10000
50,1,fw,0.1,-3.66339274177837,0.0198130707045979,10000,10000
75,1,fw,0.01,-4.95901003524453,0.0345699462728329,10000,10000
75,1,fw,0.05,-4.26647576178858,0.0258596888839444,10000,10000
75,1,fw,0.1,-3.88683141084652,0.0171930797653428,10000,10000
100,1,fw,0.01,-5.11878587508606,0.0389960533961619,10000,10000
100,1,fw,0.05,-4.3452918107094,0.0218035064996698,10000,10000
100,1,fw,0.1,-3.99198373250222,0.0171182146934672,10000,10000
150,1,fw,0.01,-5.13334454017313,0.0363749951583954,10000,10000
150,1,fw,0.05,-4.42826891384089,0.0283063497549911,10000,10000
150,1,fw,0.1,-4.06533104622107,0.0168358962693971,10000,10000
200,1,fw,0.01,-5.20941011892809,0.041314560534763,10000,10000
200,1,fw,0.05,-4.50676555025253,0.0180970357379663,10000,10000
200,1,fw,0.1,-4.13115377675572,0.0140041974409651,10000,10000
250,1,fw,0.01,-5.13410245561264,0.0427013155730875,10000,10000
250,1,fw,0.05,-4.43199997448216,0.0195530739726082,10000,10000
250,1,fw,0.1,-4.12511608864161,0.0143847110577748,10000,10000
300,1,fw,0.01,-5.13642911307277,0.0413187748306625,10000,10000
300,1,fw,0.05,-4.48571342319178,0.0164199009045119,10000,10000
300,1,fw,0.1,-4.17216276201951,0.0145027955335369,10000,10000
400,1,fw,0.01,-5.26609368358395,0.0404732998891598,10000,10000
400,1,fw,0.05,-4.53820906871814,0.0216304454148509,10000,10000
400,1,fw,0.1,-4.20258031985011,0.0145457311477798,10000,10000
500,1,fw,0.01,-5.17405893069718,0.0339754401184461,10000,10000
500,1,fw,0.05,-4.51880563732231,0.0196721440235537,10000,10000
500,1,fw,0.1,-4.20303377928134,0.0137989028067784,10000,10000
700,1,fw,0.01,-5.11245579347233,0.022664645269682,10000,10000
700,1,fw,0.05,-4.55540611354256,0.0163215068831453,10000,10000
700,1,fw,0.1,-4.25432871948797,0.0102513156597999,10000,10000
900,1,fw,0.01,-5.14185155647978,0.0380114357288621,10000,10000
900,1,fw,0.05,-4.52826179312313,0.0171777476861294,10000,10000
900,1,fw,0.1,-4.25534242551697,0.0124457551092927,10000,10000
1000,1,fw,0.01,-5.21456364039785,0.0424881400258273,10000,10000
1000,1,fw,0.05,-4.58311898309378,0.0141434409645178,10000,10000
1000,1,fw,0.1,-4.28712726409275,0.0161132688300389,10000,10000
50,2,fw,0.01,-5.25732734413873,0.0335150005081176,10000,10000
50,2,fw,0.05,-4.59115522702975,0.0223647215048674,10000,10000
50,2,fw,0.1,-4.18511409711905,0.0204521521382063,10000,10000
75,2,fw,0.01,-5.37305759398254,0.0355560779628357,10000,10000
75,2,fw,0.05,-4.72525419097347,0.0152119330180838,10000,10000
75,2,fw,0.1,-4.37008628300005,0.0173247372722051,10000,10000
100,2,fw,0.01,-5.60044576431118,0.0318480751364086,10000,10000
100,2,fw,0.05,-4.86634110415018,0.0200004727117772,10000,10000
100,2,fw,0.1,-4.50214961647462,0.01727277395257,10000,10000
150,2,fw,0.01,-5.61044841581719,0.0439467939431767,10000,10000
150,2,fw,0.05,-4.8865755571991,0.0183683328289413,10000,10000
150,2,fw,0.1,-4.5564172486174,0.0137395781388957,10000,10000
200,2,fw,0.01,-5.59984681660337,0.0402261613308203,10000,10000
200,2,fw,0.05,-4.93379427776728,0.0205394430442748,10000,10000
200,2,fw,0.1,-4.62441254888595,0.0126141582165213,10000,10000
250,2,fw,0.01,-5.60170585701881,0.03651626550027,10000,10000
250,2,fw,0.05,-4.96012368793539,0.0229877260676456,10000,10000
250,2,fw,0.1,-4.64190700809758,0.0160487120878088,10000,10000
300,2,fw,0.01,-5.62176175584591,0.0354767466162231,10000,10000
300,2,fw,0.05,-4.97536457033428,0.0134687931831294,10000,10000
300,2,fw,0.1,-4.66104421311254,0.0123211242070391,10000,10000
400,2,fw,0.01,-5.62855935908713,0.0389589885329152,10000,10000
400,2,fw,0.05,-5.001047177295,0.0209408555655801,10000,10000
400,2,fw,0.1,-4.69972402479912,0.0154855222298899,10000,10000
500,2,fw,0.01,-5.60471597027212,0.0331135394698955,10000,10000
500,2,fw,0.05,-5.01110221521956,0.0182790617265784,10000,10000
500,2,fw,0.1,-4.69652457602214,0.014668934443828,10000,10000
700,2,fw,0.01,-5.63251685352369,0.0343544511757872,10000,10000
700,2,fw,0.05,-5.05240009507367,0.0207290551832979,10000,10000
700,2,fw,0.1,-4.73524423734111,0.0124263181329951,10000,10000
900,2,fw,0.01,-5.59962019144526,0.0252852829632892,10000,10000
900,2,fw,0.05,-5.0275054002089,0.0154748146903549,10000,10000
900,2,fw,0.1,-4.75731257795541,0.0125487193641446,10000,10000
1000,2,fw,0.01,-5.62587470929117,0.0374810748311323,10000,10000
1000,2,fw,0.05,-5.01103492317587,0.0149959326434709,10000,10000
1000,2,fw,0.1,-4.74890615070139,0.0139779616090336,10000,10000
50,3,fw,0.01,-5.70817893368512,0.0480203511019694,10000,10000
50,3,fw,0.05,-4.97895557781788,0.0269565177355732,10000,10000
50,3,fw,0.1,-4.58504639431447,0.0177101188206496,10000,10000
75,3,fw,0.01,-5.98690827570043,0.0448388564307084,10000,10000
75,3,fw,0.05,-5.26359737255535,0.0207771424104377,10000,10000
75,3,fw,0.1,-4.85645150987208,0.0197681456786532,10000,10000
100,3,fw,0.01,-5.93397192655006,0.036381106827544,10000,10000
100,3,fw,0.05,-5.29145287028422,0.0204200141870761,10000,10000
100,3,fw,0.1,-4.95494867605169,0.0152330843018129,10000,10000
150,3,fw,0.01,-5.92057074723438,0.0365947783786866,10000,10000
150,3,fw,0.05,-5.33363125485377,0.0173052182990858,10000,10000
150,3,fw,0.1,-5.02135019506302,0.017359371992959,10000,10000
200,3,fw,0.01,-6.03773217115788,0.0344202996914713,10000,10000
200,3,fw,0.05,-5.34988977980352,0.0195964291052039,10000,10000
200,3,fw,0.1,-5.02587888504283,0.0161417035933144,10000,10000
250,3,fw,0.01,-5.98569467776341,0.0285996017005796,10000,10000
250,3,fw,0.05,-5.38407142707788,0.0145541181337999,10000,10000
250,3,fw,0.1,-5.05642672102565,0.0155431120912053,10000,10000
300,3,fw,0.01,-5.98940051179656,0.0383513456959867,10000,10000
300,3,fw,0.05,-5.39868341786065,0.0188024768748181,10000,10000
300,3,fw,0.1,-5.1032634937932,0.0141309750033573,10000,10000
400,3,fw,0.01,-6.03296018514761,0.0355342125296195,10000,10000
400,3,fw,0.05,-5.39639453519951,0.0229845449873056,10000,10000
400,3,fw,0.1,-5.09231068080488,0.0159889130150746,10000,10000
500,3,fw,0.01,-6.06991672492411,0.0356756821914143,10000,10000
500,3,fw,0.05,-5.43383105368507,0.0155537971042724,10000,10000
500,3,fw,0.1,-5.12858643346342,0.0145763822235153,10000,10000
700,3,fw,0.01,-6.03502874475628,0.0419374856172729,10000,10000
700,3,fw,0.05,-5.43358422270411,0.0197831489489871,10000,10000
700,3,fw,0.1,-5.13498507612457,0.0112337224827992,10000,10000
900,3,fw,0.01,-6.13056436595984,0.0391491215393314,10000,10000
900,3,fw,0.05,-5.46335658447023,0.0172462377992458,10000,10000
900,3,fw,0.1,-5.16221408289657,0.0147049999399997,10000,10000
1000,3,fw,0.01,-6.06577761537652,0.0322656311725057,10000,10000
1000,3,fw,0.05,-5.46703753914314,0.0159067496395171,10000,10000
1000,3,fw,0.1,-5.18882607982697,0.0135625179482834,10000,10000
50,4,fw,0.01,-6.12451842181006,0.0447070758203559,10000,10000
50,4,fw,0.05,-5.38624275688532,0.0236741911296351,10000,10000
50,4,fw,0.1,-4.98240086399713,0.0199559968830778,10000,10000
75,4,fw,0.01,-6.22460138508914,0.0405260815802831,10000,10000
75,4,fw,0.05,-5.57589493208613,0.025966334258894,10000,10000
75,4,fw,0.1,-5.22161420610158,0.016476315481653,10000,10000
100,4,fw,0.01,-6.31156498502497,0.0285532752256244,10000,10000
100,4,fw,0.05,-5.63673588801327,0.0197345452100313,10000,10000
100,4,fw,0.1,-5.29835329479728,0.0142953473475023,10000,10000
150,4,fw,0.01,-6.37375695913724,0.038011583133877,10000,10000
150,4,fw,0.05,-5.74195308248634,0.019204861636857,10000,10000
150,4,fw,0.1,-5.40610693095451,0.0146931744466788,10000,10000
200,4,fw,0.01,-6.37901475463539,0.0347611488908439,10000,10000
200,4,fw,0.05,-5.76973046766647,0.0237627106010665,10000,10000
200,4,fw,0.1,-5.44113359255795,0.0146889748538393,10000,10000
250,4,fw,0.01,-6.41911585376655,0.0415837955628207,10000,10000
250,4,fw,0.05,-5.75683990500151,0.0164475134831887,10000,10000
250,4,fw,0.1,-5.47841935047226,0.0142107249447759,10000,10000
300,4,fw,0.01,-6.3846598616095,0.0346517147388095,10000,10000
300,4,fw,0.05,-5.75485485388956,0.0214630862997052,10000,10000
300,4,fw,0.1,-5.46609711565646,0.014858716032913,10000,10000
400,4,fw,0.01,-6.48948756421215,0.0312284602742973,10000,10000
400,4,fw,0.05,-5.81005260848038,0.0189096551251053,10000,10000
400,4,fw,0.1,-5.48579779582648,0.0119363103542988,10000,10000
500,4,fw,0.01,-6.42958586112441,0.0337570396855162,10000,10000
500,4,fw,0.05,-5.81054960929875,0.0211920577502532,10000,10000
500,4,fw,0.1,-5.51801359798931,0.0128949619869556,10000,10000
700,4,fw,0.01,-6.39649553482122,0.0401152867739086,10000,10000
700,4,fw,0.05,-5.84135629517277,0.0191518501951231,10000,10000
700,4,fw,0.1,-5.52190495660487,0.0141192578835579,10000,10000
900,4,fw,0.01,-6.370769817305,0.0337862442899424,10000,10000
900,4,fw,0.05,-5.80895420313776,0.0169237982870406,10000,10000
900,4,fw,0.1,-5.52450676520748,0.0139546845047475,10000,10000
1000,4,fw,0.01,-6.39060506157822,0.0360901739393227,10000,10000
1000,4,fw,0.05,-5.80388936821838,0.0180887990098901,10000,10000
1000,4,fw,0.1,-5.53322138820562,0.0153569085436946,10000,10000
50,5,fw,0.01,-6.4524587504863,0.0366868960328682,10000,10000
50,5,fw,0.05,-5.71239818844425,0.0265009909378983,10000,10000
50,5,fw,0.1,-5.34915963684331,0.0151275995440023,10000,10000
75,5,fw,0.01,-6.66162932030859,0.0406169720121324,10000,10000
75,5,fw,0.05,-5.94063943949987,0.0176421489236326,10000,10000
75,5,fw,0.1,-5.59209239800168,0.0163448277279436,10000,10000
100,5,fw,0.01,-6.69543044772911,0.0507367585283058,10000,10000
100,5,fw,0.05,-6.00330451315007,0.0257164922435917,10000,10000
100,5,fw,0.1,-5.6822899384911,0.0125159774696399,10000,10000
150,5,fw,0.01,-6.66287329020115,0.0324389395826106,10000,10000
150,5,fw,0.05,-6.08954913761395,0.0210467614221064,10000,10000
150,5,fw,0.1,-5.75571197759406,0.0173509065490871,10000,10000
200,5,fw,0.01,-6.74241204015204,0.0324266442461212,10000,10000
200,5,fw,0.05,-6.12356372958723,0.0201383310880529,10000,10000
200,5,fw,0.1,-5.78591480418108,0.0110283361394301,10000,10000
250,5,fw,0.01,-6.71756579726516,0.0275021996008812,10000,10000
250,5,fw,0.05,-6.12014972881908,0.0167218569058507,10000,10000
250,5,fw,0.1,-5.82616877777793,0.0156561289570906,10000,10000
300,5,fw,0.01,-6.78926523243731,0.0459997603779577,10000,10000
300,5,fw,0.05,-6.12146453776183,0.020047783589501,10000,10000
300,5,fw,0.1,-5.82473132418783,0.0128414925786686,10000,10000
400,5,fw,0.01,-6.7096190160859,0.0303596158401806,10000,10000
400,5,fw,0.05,-6.12944845631204,0.0144616307130392,10000,10000
400,5,fw,0.1,-5.84074942023461,0.0147296129557605,10000,10000
500,5,fw,0.01,-6.73816269832341,0.0332106974059378,10000,10000
500,5,fw,0.05,-6.15301768556692,0.0211213219579628,10000,10000
500,5,fw,0.1,-5.83979035418416,0.0140158285114045,10000,10000
700,5,fw,0.01,-6.76659328794432,0.0374251514975936,10000,10000
700,5,fw,0.05,-6.16795169929548,0.0174424716101903,10000,10000
700,5,fw,0.1,-5.86657157791925,0.0129665235661704,10000,10000
900,5,fw,0.01,-6.74529900770225,0.0350564107809823,10000,10000
900,5,fw,0.05,-6.16049120892313,0.0154473817054665,10000,10000
900,5,fw,0.1,-5.86739229302365,0.0117078605805607,10000,10000
1000,5,fw,0.01,-6.71250078470121,0.0305621373331489,10000,10000
1000,5,fw,0.05,-6.15991123511467,0.015743207987756,10000,10000
1000,5,fw,0.1,-5.88880267401787,0.0129398882876756,10000,10000
50,6,fw,0.01,-6.81758858679211,0.0415756715019375,10000,10000
50,6,fw,0.05,-6.04474592760926,0.0197352733054426,10000,10000
50,6,fw,0.1,-5.67514867950692,0.0168969623283197,10000,10000
75,6,fw,0.01,-6.95075674272368,0.0466898397772855,10000,10000
75,6,fw,0.05,-6.27351459430882,0.0233082127510607,10000,10000
75,6,fw,0.1,-5.91619489586064,0.0172671200530986,10000,10000
100,6,fw,0.01,-7.06540135791466,0.0399632674828866,10000,10000
100,6,fw,0.05,-6.33401995848475,0.0234367456997914,10000,10000
100,6,fw,0.1,-6.01719185232625,0.0152639191093893,10000,10000
150,6,fw,0.01,-7.06916657964939,0.0515371416136895,10000,10000
150,6,fw,0.05,-6.38303103225543,0.0209696220791628,10000,10000
150,6,fw,0.1,-6.05182363890229,0.0139985361305844,10000,10000
200,6,fw,0.01,-7.08790682655492,0.04843327553846,10000,10000
200,6,fw,0.05,-6.41077486538866,0.018004378309904,10000,10000
200,6,fw,0.1,-6.10544025923405,0.014253157849645,10000,10000
250,6,fw,0.01,-7.04234308167223,0.0331243266003608,10000,10000
250,6,fw,0.05,-6.41701713022023,0.0176592002513737,10000,10000
250,6,fw,0.1,-6.10450227248585,0.0169294628625571,10000,10000
300,6,fw,0.01,-7.10157002221019,0.0513168038452963,10000,10000
300,6,fw,0.05,-6.43943595611401,0.0204229268988947,10000,10000
300,6,fw,0.1,-6.12197114647038,0.0151812536767412,10000,10000
400,6,fw,0.01,-7.123611072155,0.0413587709372476,10000,10000
400,6,fw,0.05,-6.45656676888112,0.0202975676000237,10000,10000
400,6,fw,0.1,-6.13598024138611,0.0135069579531939,10000,10000
500,6,fw,0.01,-7.12819409737701,0.0290442925904774,10000,10000
500,6,fw,0.05,-6.45712593759775,0.0180156676131552,10000,10000
500,6,fw,0.1,-6.14457313816263,0.0133640696886167,10000,10000
700,6,fw,0.01,-7.05800408627957,0.0260554776646559,10000,10000
700,6,fw,0.05,-6.46205436257638,0.0176553813509616,10000,10000
700,6,fw,0.1,-6.15972154277415,0.0132874236218633,10000,10000
900,6,fw,0.01,-7.11856564345424,0.0402025983901533,10000,10000
900,6,fw,0.05,-6.47852101198148,0.0134891869809688,10000,10000
900,6,fw,0.1,-6.19077533994698,0.0154525234364237,10000,10000
1000,6,fw,0.01,-7.07957517319875,0.0426976204525857,10000,10000
1000,6,fw,0.05,-6.46993298297124,0.0177882867499315,10000,10000
1000,6,fw,0.1,-6.18743791294316,0.0110902480590103,10000,10000
50,1,bw,0.01,-5.07369816260822,0.046948976255791,10000,10000
50,1,bw,0.05,-4.27881852406431,0.02519106659717,10000,10000
50,1,bw,0.1,-3.87042093564778,0.0178901605700992,10000,10000
75,1,bw,0.01,-5.2420629995116,0.0373359868523975,10000,10000
75,1,bw,0.05,-4.58324819762962,0.0218046457324775,10000,10000
75,1,bw,0.1,-4.2215013044833,0.0179910291808978,10000,10000
100,1,bw,0.01,-5.38135669982706,0.0441631751506485,10000,10000
100,1,bw,0.05,-4.69056440660185,0.0189517857856873,10000,10000
100,1,bw,0.1,-4.34442542346624,0.0151069798949138,10000,10000
150,1,bw,0.01,-5.43310657893121,0.0479763087836575,10000,10000
150,1,bw,0.05,-4.76469399285637,0.0138563791551467,10000,10000
150,1,bw,0.1,-4.44956106392696,0.0145430089520113,10000,10000
200,1,bw,0.01,-5.49644394310458,0.037593054027952,10000,10000
200,1,bw,0.05,-4.82134862697154,0.0202523269578188,10000,10000
200,1,bw,0.1,-4.51388197315913,0.0149566536876689,10000,10000
250,1,bw,0.01,-5.49464485940037,0.0403118156165611,10000,10000
250,1,bw,0.05,-4.8342285000306,0.0206323751249542,10000,10000
250,1,bw,0.1,-4.52329111115546,0.0147226424810859,10000,10000
300,1,bw,0.01,-5.46984059597835,0.0303869445453946,10000,10000
300,1,bw,0.05,-4.88137718701106,0.0199148614878456,10000,10000
300,1,bw,0.1,-4.58194132229485,0.0131556075241982,10000,10000
400,1,bw,0.01,-5.51555659175482,0.0285471014691192,10000,10000
400,1,bw,0.05,-4.89700201961811,0.0161451028583511,10000,10000
400,1,bw,0.1,-4.61319890043979,0.0116570176109727,10000,10000
500,1,bw,0.01,-5.52523938469505,0.0332560256470143,10000,10000
500,1,bw,0.05,-4.9177350593411,0.0175325847613065,10000,10000
500,1,bw,0.1,-4.63663418777971,0.0120410095883139,10000,10000
700,1,bw,0.01,-5.51295833324363,0.0341803753065727,10000,10000
700,1,bw,0.05,-4.92872295119938,0.0168847220999944,10000,10000
700,1,bw,0.1,-4.65592379890804,0.0104922391704679,10000,10000
900,1,bw,0.01,-5.56076908901226,0.0322015907852188,10000,10000
900,1,bw,0.05,-4.96440757267338,0.0196819191726406,10000,10000
900,1,bw,0.1,-4.68631190582938,0.0136454924135122,10000,10000
1000,1,bw,0.01,-5.52414737537706,0.0321296737808166,10000,10000
1000,1,bw,0.05,-4.97183342322187,0.0174632223881081,10000,10000
1000,1,bw,0.1,-4.6841331553187,0.0121571198863347,10000,10000
50,2,bw,0.01,-5.40319752225124,0.0577884408440566,10000,10000
50,2,bw,0.05,-4.71021158500613,0.0243778846516186,10000,10000
50,2,bw,0.1,-4.32090081389139,0.0172484520629657,10000,10000
75,2,bw,0.01,-5.70347897167302,0.0408911803429168,10000,10000
75,2,bw,0.05,-5.03502983972402,0.0208014782086374,10000,10000
75,2,bw,0.1,-4.67579511517228,0.0144834453851834,10000,10000
100,2,bw,0.01,-5.79822073033926,0.0420222419542843,10000,10000
100,2,bw,0.05,-5.1317867446008,0.0216222327827512,10000,10000
100,2,bw,0.1,-4.77567604840654,0.017585988280707,10000,10000
150,2,bw,0.01,-5.8401758731686,0.034967509552671,10000,10000
150,2,bw,0.05,-5.20975851130736,0.0206394824244291,10000,10000
150,2,bw,0.1,-4.89305683146409,0.0140980837444238,10000,10000
200,2,bw,0.01,-5.85413999267362,0.0427150313460283,10000,10000
200,2,bw,0.05,-5.23644027512679,0.0200036312351322,10000,10000
200,2,bw,0.1,-4.92659646305177,0.0136304942701167,10000,10000
250,2,bw,0.01,-5.94694382692364,0.0383191212803855,10000,10000
250,2,bw,0.05,-5.2858036804642,0.0180846729392842,10000,10000
250,2,bw,0.1,-4.98248413842586,0.0155321202260303,10000,10000
300,2,bw,0.01,-5.91275224164632,0.0342642469515391,10000,10000
300,2,bw,0.05,-5.3104857760976,0.0235194236980214,10000,10000
300,2,bw,0.1,-5.01672447266864,0.014100822507244,10000,10000
400,2,bw,0.01,-5.96221810247958,0.0373206548535894,10000,10000
400,2,bw,0.05,-5.33938256986756,0.0179426076485125,10000,10000
400,2,bw,0.1,-5.04424792689582,0.0142248804727146,10000,10000
500,2,bw,0.01,-5.98867961128956,0.0367676725391778,10000,10000
500,2,bw,0.05,-5.34403021532166,0.0166799238583251,10000,10000
500,2,bw,0.1,-5.05393835988852,0.0118472446610972,10000,10000
700,2,bw,0.01,-5.92725004012337,0.0392690698922853,10000,10000
700,2,bw,0.05,-5.3604670881857,0.0163954713181249,10000,10000
700,2,bw,0.1,-5.07822793881478,0.0128414451873802,10000,10000
900,2,bw,0.01,-5.91815760616238,0.0352560157299607,10000,10000
900,2,bw,0.05,-5.36591325793315,0.0182664466140038,10000,10000
900,2,bw,0.1,-5.0890072249448,0.011858961600925,10000,10000
1000,2,bw,0.01,-5.94519215035898,0.0270915321129689,10000,10000
1000,2,bw,0.05,-5.39375835135009,0.0177380503593073,10000,10000
1000,2,bw,0.1,-5.12485189135558,0.0139523196235184,10000,10000
50,3,bw,0.01,-5.88000114852883,0.0379101432739537,10000,10000
50,3,bw,0.05,-5.14232006428112,0.0222711456889639,10000,10000
50,3,bw,0.1,-4.75042906453294,0.0142579050272192,10000,10000
75,3,bw,0.01,-6.03121137577701,0.0426044599644346,10000,10000
75,3,bw,0.05,-5.39804841630193,0.0186716921764046,10000,10000
75,3,bw,0.1,-5.05212081087507,0.0179367433309684,10000,10000
100,3,bw,0.01,-6.17992982114799,0.0373555403554094,10000,10000
100,3,bw,0.05,-5.49163732186002,0.0245338938428508,10000,10000
100,3,bw,0.1,-5.15298748842776,0.0144761663743883,10000,10000
150,3,bw,0.01,-6.2555077082506,0.0311711628326272,10000,10000
150,3,bw,0.05,-5.62009728644493,0.0137217524689375,10000,10000
150,3,bw,0.1,-5.30096440476823,0.0137427426379546,10000,10000
200,3,bw,0.01,-6.28438365187677,0.0360209331367689,10000,10000
200,3,bw,0.05,-5.6285529131366,0.0188550466318841,10000,10000
200,3,bw,0.1,-5.30564816206472,0.0134934208185905,10000,10000
250,3,bw,0.01,-6.31335454862675,0.0392596587271078,10000,10000
250,3,bw,0.05,-5.6789616610354,0.0206545383282146,10000,10000
250,3,bw,0.1,-5.35532851016909,0.0159950732732848,10000,10000
300,3,bw,0.01,-6.29145902431812,0.0351206342826725,10000,10000
300,3,bw,0.05,-5.68313400553125,0.0180288994086814,10000,10000
300,3,bw,0.1,-5.38544713867958,0.0136053957378631,10000,10000
400,3,bw,0.01,-6.32327106546776,0.0397103934744589,10000,10000
400,3,bw,0.05,-5.71211615078629,0.019199456234955,10000,10000
400,3,bw,0.1,-5.40802114017809,0.0150252522738279,10000,10000
500,3,bw,0.01,-6.29454212155361,0.0377404201369902,10000,10000
500,3,bw,0.05,-5.71309054973881,0.019525536278423,10000,10000
500,3,bw,0.1,-5.42897247240451,0.0132335609372039,10000,10000
700,3,bw,0.01,-6.33591507188408,0.034477985837335,10000,10000
700,3,bw,0.05,-5.7175609618186,0.0152429393781022,10000,10000
700,3,bw,0.1,-5.43431696133689,0.0131323448016392,10000,10000
900,3,bw,0.01,-6.32877503684087,0.0359042761333058,10000,10000
900,3,bw,0.05,-5.73072579793021,0.0179693364105206,10000,10000
900,3,bw,0.1,-5.43466380918705,0.0117299940278867,10000,10000
1000,3,bw,0.01,-6.30044989669713,0.0323242136860838,10000,10000
1000,3,bw,0.05,-5.72449325498223,0.0150875251185988,10000,10000
1000,3,bw,0.1,-5.46439907230185,0.0130634073146998,10000,10000
50,4,bw,0.01,-6.14671674659205,0.0300131542534538,10000,10000
50,4,bw,0.05,-5.48763472655999,0.0237740192396663,10000,10000
50,4,bw,0.1,-5.13635955570301,0.0202895320290206,10000,10000
75,4,bw,0.01,-6.44940635566272,0.036521560310193,10000,10000
75,4,bw,0.05,-5.79550678239022,0.0187564817584396,10000,10000
75,4,bw,0.1,-5.43668668688191,0.0158375141197356,10000,10000
100,4,bw,0.01,-6.55112728819874,0.0469600268296361,10000,10000
100,4,bw,0.05,-5.86398831013813,0.022431834616171,10000,10000
100,4,bw,0.1,-5.53487006023562,0.0123310119417569,10000,10000
150,4,bw,0.01,-6.57325063067232,0.0330526305867557,10000,10000
150,4,bw,0.05,-5.92601785486561,0.0177172666484001,10000,10000
150,4,bw,0.1,-5.6212339256706,0.0166996882576445,10000,10000
200,4,bw,0.01,-6.6244647407785,0.0335601393106911,10000,10000
200,4,bw,0.05,-5.99441957624541,0.0190455458151788,10000,10000
200,4,bw,0.1,-5.6927288616385,0.0163117464422676,10000,10000
250,4,bw,0.01,-6.65375026499472,0.032421963503354,10000,10000
250,4,bw,0.05,-6.01936336922625,0.0209306648864243,10000,10000
250,4,bw,0.1,-5.71403085890059,0.0159310074415319,10000,10000
300,4,bw,0.01,-6.62844009727697,0.0428101908831913,10000,10000
300,4,bw,0.05,-6.02491074395934,0.0186398649674817,10000,10000
300,4,bw,0.1,-5.72575355712109,0.0123150615390222,10000,10000
400,4,bw,0.01,-6.61215628936062,0.0352511368621896,10000,10000
400,4,bw,0.05,-6.00810284136499,0.0181901041499457,10000,10000
400,4,bw,0.1,-5.73435628378085,0.0118247436232387,10000,10000
500,4,bw,0.01,-6.60944379051857,0.0294534548455067,10000,10000
500,4,bw,0.05,-6.03945122542517,0.0146735391855982,10000,10000
500,4,bw,0.1,-5.75262399513078,0.0135628091002441,10000,10000
700,4,bw,0.01,-6.57830323469156,0.0332172934851607,10000,10000
700,4,bw,0.05,-6.05205674496548,0.015534200117087,10000,10000
700,4,bw,0.1,-5.78348810603985,0.0125967118480543,10000,10000
900,4,bw,0.01,-6.60609100297501,0.0290880876833748,10000,10000
900,4,bw,0.05,-6.07442520879327,0.0146356761458134,10000,10000
900,4,bw,0.1,-5.79886151966288,0.0130427264052582,10000,10000
1000,4,bw,0.01,-6.64245338381942,0.0345053711752645,10000,10000
1000,4,bw,0.05,-6.07916411159252,0.0171245567847684,10000,10000
1000,4,bw,0.1,-5.79078078970544,0.0131409368683616,10000,10000
50,5,bw,0.01,-6.59607741339888,0.0449575687576043,10000,10000
50,5,bw,0.05,-5.81553440834374,0.0192636664798943,10000,10000
50,5,bw,0.1,-5.41893921143862,0.0184672123805759,10000,10000
75,5,bw,0.01,-6.72987086963633,0.0371434927384354,10000,10000
75,5,bw,0.05,-6.07560339088721,0.0202315086750582,10000,10000
75,5,bw,0.1,-5.71880745959293,0.0171157668378705,10000,10000
100,5,bw,0.01,-6.86028084102348,0.0390885549401152,10000,10000
100,5,bw,0.05,-6.18114221602258,0.0213224890561558,10000,10000
100,5,bw,0.1,-5.85105611816938,0.0149362476871473,10000,10000
150,5,bw,0.01,-6.87522464518387,0.0428766879864137,10000,10000
150,5,bw,0.05,-6.23970403247896,0.0199976695333334,10000,10000
150,5,bw,0.1,-5.93037289636174,0.0146521477054136,10000,10000
200,5,bw,0.01,-6.93804624025609,0.0355905117737322,10000,10000
200,5,bw,0.05,-6.33306337882393,0.015125202962001,10000,10000
200,5,bw,0.1,-6.01227161642186,0.0155505107396179,10000,10000
250,5,bw,0.01,-6.9172148798865,0.0484351540065713,10000,10000
250,5,bw,0.05,-6.32653066106526,0.0186310239987762,10000,10000
250,5,bw,0.1,-6.02478179626305,0.0111774641325955,10000,10000
300,5,bw,0.01,-6.90312142767881,0.0337023240499501,10000,10000
300,5,bw,0.05,-6.31699421422199,0.0173050382347535,10000,10000
300,5,bw,0.1,-6.0221286073991,0.0138647194514529,10000,10000
400,5,bw,0.01,-6.90341672716872,0.032117810346824,10000,10000
400,5,bw,0.05,-6.32215334633793,0.0134512784625756,10000,10000
400,5,bw,0.1,-6.04162658446209,0.0131121583758246,10000,10000
500,5,bw,0.01,-6.92084762485564,0.025984893404805,10000,10000
500,5,bw,0.05,-6.37804641171563,0.0160210452016045,10000,10000
500,5,bw,0.1,-6.08086020628289,0.0133511602737881,10000,10000
700,5,bw,0.01,-6.99362699075511,0.0388436650230014,10000,10000
700,5,bw,0.05,-6.36607436525802,0.0184633454419257,10000,10000
700,5,bw,0.1,-6.10216598044558,0.0115665669468916,10000,10000
900,5,bw,0.01,-6.92761869610591,0.0490671822087661,10000,10000
900,5,bw,0.05,-6.37364074067387,0.016637265881406,10000,10000
900,5,bw,0.1,-6.10271685982444,0.0149365644045429,10000,10000
1000,5,bw,0.01,-7.00711680059779,0.0364300681080558,10000,10000
1000,5,bw,0.05,-6.41440593938096,0.0194818465687159,10000,10000
1000,5,bw,0.1,-6.12184879031076,0.0121389623475912,10000,10000
50,6,bw,0.01,-6.96445924057513,0.0452552654758501,10000,10000
50,6,bw,0.05,-6.20629553348374,0.0228613045311086,10000,10000
50,6,bw,0.1,-5.80225660049641,0.0180632616019765,10000,10000
75,6,bw,0.01,-7.1729214747806,0.0447818345559065,10000,10000
75,6,bw,0.05,-6.43042734176458,0.0178874137966519,10000,10000
75,6,bw,0.1,-6.05881347708612,0.0166905860459677,10000,10000
100,6,bw,0.01,-7.23124043135257,0.0459270493896676,10000,10000
100,6,bw,0.05,-6.49932277155742,0.0207895539920715,10000,10000
100,6,bw,0.1,-6.16939020627077,0.0155084839117559,10000,10000
150,6,bw,0.01,-7.24743015016021,0.047513456870406,10000,10000
150,6,bw,0.05,-6.56611444092477,0.0183067449274672,10000,10000
150,6,bw,0.1,-6.24744875445813,0.0121881936812781,10000,10000
200,6,bw,0.01,-7.23728393075481,0.0372049514321918,10000,10000
200,6,bw,0.05,-6.60963370995792,0.020665653985543,10000,10000
200,6,bw,0.1,-6.2992510740615,0.0153875966673799,10000,10000
250,6,bw,0.01,-7.26984777024885,0.0341572320216678,10000,10000
250,6,bw,0.05,-6.62636205557081,0.0173007751607666,10000,10000
250,6,bw,0.1,-6.32873092546965,0.0144285104240352,10000,10000
300,6,bw,0.01,-7.19928974771213,0.0401089886572481,10000,10000
300,6,bw,0.05,-6.61967247850736,0.0154908343442837,10000,10000
300,6,bw,0.1,-6.31975040679728,0.0141682332613972,10000,10000
400,6,bw,0.01,-7.32237614634472,0.0431947919724859,10000,10000
400,6,bw,0.05,-6.6496965686735,0.0178846299502823,10000,10000
400,6,bw,0.1,-6.33480381613976,0.0118672642879337,10000,10000
500,6,bw,0.01,-7.22503073889898,0.0384308568400333,10000,10000
500,6,bw,0.05,-6.64436196659019,0.01971914550837,10000,10000
500,6,bw,0.1,-6.34293084174049,0.0151221616685707,10000,10000
700,6,bw,0.01,-7.25368100527993,0.0309989225547824,10000,10000
700,6,bw,0.05,-6.67955838345185,0.0165381805331953,10000,10000
700,6,bw,0.1,-6.38756219808896,0.010861929973642,10000,10000
900,6,bw,0.01,-7.29976637413747,0.034140122370301,10000,10000
900,6,bw,0.05,-6.68217786059712,0.0172003440198129,10000,10000
900,6,bw,0.1,-6.40405896379506,0.01202637550706,10000,10000
1000,6,bw,0.01,-7.23455971753752,0.0316540315642552,10000,10000
1000,6,bw,0.05,-6.69913819342131,0.0204278583650951,10000,10000
1000,6,bw,0.1,-6.41511833400295,0.0141414300585537,10000,10000
50,1,all,0.01,-5.4076872372214,0.043166261613747,10000,10000
50,1,all,0.05,-4.60345317387382,0.0245030451101259,10000,10000
50,1,all,0.1,-4.2183164004303,0.0158565310058627,10000,10000
75,1,all,0.01,-5.95498501524305,0.0452907918071853,10000,10000
75,1,all,0.05,-5.29184818792383,0.0218467253562652,10000,10000
75,1,all,0.1,-4.90657320695888,0.0155836839427256,10000,10000
100,1,all,0.01,-6.1955735312605,0.0390183543046305,10000,10000
100,1,all,0.05,-5.50771899085197,0.020739002075357,10000,10000
100,1,all,0.1,-5.18629110873945,0.0164863501448839,10000,10000
150,1,all,0.01,-6.48833319465093,0.0405580029131238,10000,10000
150,1,all,0.05,-5.8015815678591,0.0182349551780811,10000,10000
150,1,all,0.1,-5.49983207812872,0.0145667536784034,10000,10000
200,1,all,0.01,-6.56746410710004,0.0354179509712593,10000,10000
200,1,all,0.05,-5.91405198710812,0.0169099317593157,10000,10000
200,1,all,0.1,-5.64206403199998,0.0136516793490176,10000,10000
250,1,all,0.01,-6.69220457777238,0.0353249792782798,10000,10000
250,1,all,0.05,-6.08909903161748,0.0145850985316613,10000,10000
250,1,all,0.1,-5.78979408833056,0.0143669446271764,10000,10000
300,1,all,0.01,-6.7021410192487,0.0498658952809894,10000,10000
300,1,all,0.05,-6.12452836712304,0.0159348043601446,10000,10000
300,1,all,0.1,-5.85677743866586,0.0126653028955053,10000,10000
400,1,all,0.01,-6.93334242845506,0.0452617749013635,10000,10000
400,1,all,0.05,-6.26011117813217,0.0170503464226073,10000,10000
400,1,all,0.1,-5.99048026262896,0.0111471884277224,10000,10000
500,1,all,0.01,-6.90382690284284,0.0322847349510552,10000,10000
500,1,all,0.05,-6.36564459888584,0.0135497710737608,10000,10000
500,1,all,0.1,-6.11161171227755,0.0117339741767975,10000,10000
700,1,all,0.01,-7.11107164250526,0.0342471037454098,10000,10000
700,1,all,0.05,-6.53107683474763,0.0161759153596242,10000,10000
700,1,all,0.1,-6.244193275199,0.0133845037761932,10000,10000
900,1,all,0.01,-7.16686635633868,0.0267657162462191,10000,10000
900,1,all,0.05,-6.6052293767628,0.0133905251647854,10000,10000
900,1,all,0.1,-6.3371195003783,0.0121276975392813,10000,10000
1000,1,all,0.01,-7.18537745933292,0.0367075131281911,10000,10000
1000,1,all,0.05,-6.62543627845922,0.0143676169526314,10000,10000
1000,1,all,0.1,-6.37870003215496,0.0123027321123917,10000,10000
50,2,all,0.01,-5.82173147425224,0.0420636922694875,10000,10000
50,2,all,0.05,-5.06246009671735,0.0204966702360144,10000,10000
50,2,all,0.1,-4.69553148793218,0.0170014583760928,10000,10000
75,2,all,0.01,-6.38157479612158,0.0337464396256424,10000,10000
75,2,all,0.05,-5.71526372200177,0.0226665818212154,10000,10000
75,2,all,0.1,-5.38042248327208,0.0173451787947436,10000,10000
100,2,all,0.01,-6.62957824507708,0.0391093992585691,10000,10000
100,2,all,0.05,-5.97828210771184,0.01639893947615,10000,10000
100,2,all,0.1,-5.66608577609533,0.0130529934522097,10000,10000
150,2,all,0.01,-6.88055191607046,0.0414681993925281,10000,10000
150,2,all,0.05,-6.27913467190666,0.0150492980819641,10000,10000
150,2,all,0.1,-5.97650008272648,0.0142334875242834,10000,10000
200,2,all,0.01,-7.05136052022919,0.0385939635303599,10000,10000
200,2,all,0.05,-6.41704569263651,0.0203402292165631,10000,10000
200,2,all,0.1,-6.1165233588207,0.0126579333902935,10000,10000
250,2,all,0.01,-7.16007805853565,0.0331258810890032,10000,10000
250,2,all,0.05,-6.50704013503565,0.0137568471142681,10000,10000
250,2,all,0.1,-6.2399693964782,0.0128058021036105,10000,10000
300,2,all,0.01,-7.15211508139178,0.0294400353623684,10000,10000
300,2,all,0.05,-6.63259670476416,0.0151162236588403,10000,10000
300,2,all,0.1,-6.33607249860224,0.0132257596363622,10000,10000
400,2,all,0.01,-7.30106596066031,0.0281407307122244,10000,10000
400,2,all,0.05,-6.71412689866657,0.0141062851703757,10000,10000
400,2,all,0.1,-6.46418375243742,0.0111673975432894,10000,10000
500,2,all,0.01,-7.4254194738334,0.0291588143899912,10000,10000
500,2,all,0.05,-6.83933420944192,0.0143870634531155,10000,10000
500,2,all,0.1,-6.56940817526965,0.0108654171439382,10000,10000
700,2,all,0.01,-7.53031834194383,0.0312287088372585,10000,10000
700,2,all,0.05,-6.95814982366581,0.018644433052607,10000,10000
700,2,all,0.1,-6.6805439163244,0.0124438494297465,10000,10000
900,2,all,0.01,-7.68713199775151,0.0308708484955424,10000,10000
900,2,all,0.05,-7.07265851707753,0.0175468562143113,10000,10000
900,2,all,0.1,-6.80722203411511,0.011360987046468,10000,10000
1000,2,all,0.01,-7.70769880918793,0.0260953037265703,10000,10000
1000,2,all,0.05,-7.11807473651824,0.0184729578537874,10000,10000
1000,2,all,0.1,-6.84545884245272,0.0137642109879081,10000,10000
50,3,all,0.01,-6.28866852917616,0.0421360101055357,10000,10000
50,3,all,0.05,-5.47519707932035,0.0245377177434423,10000,10000
50,3,all,0.1,-5.11906889039716,0.0151590354918768,10000,10000
75,3,all,0.01,-6.77408695377074,0.0258600178280036,10000,10000
75,3,all,0.05,-6.08560861058497,0.0170573703733925,10000,10000
75,3,all,0.1,-5.75087596738164,0.0162572129389893,10000,10000
100,3,all,0.01,-6.98724527915728,0.0415864483068663,10000,10000
100,3,all,0.05,-6.36234653772384,0.0210731136106358,10000,10000
100,3,all,0.1,-6.04578938815524,0.0142169792317833,10000,10000
150,3,all,0.01,-7.28699124108408,0.0314084156553247,10000,10000
150,3,all,0.05,-6.6338134659065,0.016871325992682,10000,10000
150,3,all,0.1,-6.32169086386544,0.0149827072162604,10000,10000
200,3,all,0.01,-7.49232537570503,0.0352472841869265,10000,10000
200,3,all,0.05,-6.81103372806717,0.0189947473208877,10000,10000
200,3,all,0.1,-6.52081680797091,0.0124320201468244,10000,10000
250,3,all,0.01,-7.53603528238751,0.0351181667212913,10000,10000
250,3,all,0.05,-6.91994141649053,0.0163150444357622,10000,10000
250,3,all,0.1,-6.63360600412015,0.0124626916702925,10000,10000
300,3,all,0.01,-7.67987246458796,0.0254013156439455,10000,10000
300,3,all,0.05,-7.03355982437258,0.0213275355492115,10000,10000
300,3,all,0.1,-6.72911782782542,0.0106580224893322,10000,10000
400,3,all,0.01,-7.71297760890202,0.0383847873568141,10000,10000
400,3,all,0.05,-7.12194990973133,0.0154701086982884,10000,10000
400,3,all,0.1,-6.8528486194395,0.0140315810489661,10000,10000
500,3,all,0.01,-7.80864726301573,0.0374238285227362,10000,10000
500,3,all,0.05,-7.203985979357,0.0161297609028481,10000,10000
500,3,all,0.1,-6.94388852532539,0.0111907633057647,10000,10000
700,3,all,0.01,-7.98579173136537,0.0320665293224063,10000,10000
700,3,all,0.05,-7.37684659891841,0.0174459346879539,10000,10000
700,3,all,0.1,-7.06948919280676,0.0115157099142873,10000,10000
900,3,all,0.01,-8.09278547777906,0.0487300810484576,10000,10000
900,3,all,0.05,-7.46195503420098,0.0162722294140809,10000,10000
900,3,all,0.1,-7.19915802968824,0.00988754222845409,10000,10000
1000,3,all,0.01,-8.18579122275313,0.0441500958417763,10000,10000
1000,3,all,0.05,-7.53387039379365,0.0198804141814141,10000,10000
1000,3,all,0.1,-7.2532925808409,0.0117340865532536,10000,10000
50,4,all,0.01,-6.58361976470895,0.0419319897752814,10000,10000
50,4,all,0.05,-5.83635136070513,0.0222771771123079,10000,10000
50,4,all,0.1,-5.47677414919115,0.0170721734585167,10000,10000
75,4,all,0.01,-7.16829211831711,0.0327795540747654,10000,10000
75,4,all,0.05,-6.50430181741717,0.0186886886681014,10000,10000
75,4,all,0.1,-6.16530528547793,0.0163310105817727,10000,10000
100,4,all,0.01,-7.38853353810782,0.0350977391517172,10000,10000
100,4,all,0.05,-6.74381599376029,0.016116651107803,10000,10000
100,4,all,0.1,-6.43434286835902,0.0164326208558665,10000,10000
150,4,all,0.01,-7.72703964844022,0.041105253629416,10000,10000
150,4,all,0.05,-7.0598946390993,0.0186008673886449,10000,10000
150,4,all,0.1,-6.74845356263203,0.0157306922076129,10000,10000
200,4,all,0.01,-7.85527025918993,0.0352227315946905,10000,10000
200,4,all,0.05,-7.20227893144142,0.0135530653434801,10000,10000
200,4,all,0.1,-6.9059266524832,0.0122342271692099,10000,10000
250,4,all,0.01,-7.90471625493959,0.0277348496317538,10000,10000
250,4,all,0.05,-7.28616380595799,0.017311308614958,10000,10000
250,4,all,0.1,-6.9965323611486,0.0134001919780805,10000,10000
300,4,all,0.01,-8.01169755416855,0.0410925976791855,10000,10000
300,4,all,0.05,-7.40700848591679,0.0160599240965734,10000,10000
300,4,all,0.1,-7.1200778993172,0.0166762611365902,10000,10000
400,4,all,0.01,-8.19761246363481,0.0547063294844362,10000,10000
400,4,all,0.05,-7.56270988386627,0.0164317562785332,10000,10000
400,4,all,0.1,-7.26366705257163,0.011076418016316,10000,10000
500,4,all,0.01,-8.34897439115672,0.0433065451278424,10000,10000
500,4,all,0.05,-7.65716953407049,0.0209826714877563,10000,10000
500,4,all,0.1,-7.35852345730106,0.012994049071675,10000,10000
700,4,all,0.01,-8.40679671574434,0.032876942373125,10000,10000
700,4,all,0.05,-7.78697210939198,0.0199642707533554,10000,10000
700,4,all,0.1,-7.48076113673396,0.0141019707511851,10000,10000
900,4,all,0.01,-8.58423942751731,0.0582953655523858,10000,10000
900,4,all,0.05,-7.90251275308106,0.0175190211095542,10000,10000
900,4,all,0.1,-7.62556059000822,0.0114539869866172,10000,10000
1000,4,all,0.01,-8.56426820047146,0.0391812194374437,10000,10000
1000,4,all,0.05,-7.8998849020549,0.017054483979408,10000,10000
1000,4,all,0.1,-7.629943005469,0.0119126690612744,10000,10000
50,5,all,0.01,-7.05488245920825,0.0475279992488264,10000,10000
50,5,all,0.05,-6.22770562515088,0.0309880756024729,10000,10000
50,5,all,0.1,-5.82685102425095,0.0153304839774025,10000,10000
75,5,all,0.01,-7.45680778116573,0.0309737583044829,10000,10000
75,5,all,0.05,-6.81676268365678,0.022256677814372,10000,10000
75,5,all,0.1,-6.48016672036165,0.015790419852203,10000,10000
100,5,all,0.01,-7.76423343577408,0.0413686434829679,10000,10000
100,5,all,0.05,-7.10016415787815,0.0197783744655614,10000,10000
100,5,all,0.1,-6.76943670655319,0.0167400308874599,10000,10000
150,5,all,0.01,-8.13431759408022,0.0409175808463568,10000,10000
150,5,all,0.05,-7.39389768656606,0.0189807399199853,10000,10000
150,5,all,0.1,-7.0801435784761,0.0114296441985544,10000,10000
200,5,all,0.01,-8.2273395461267,0.0345891560001599,10000,10000
200,5,all,0.05,-7.56410965674185,0.0171534266247784,10000,10000
200,5,all,0.1,-7.25957657774949,0.0135554918798401,10000,10000
250,5,all,0.01,-8.46607015783264,0.0444525363292603,10000,10000
250,5,all,0.05,-7.69303860056452,0.0223713266840761,10000,10000
250,5,all,0.1,-7.39026539394891,0.0137921753877034,10000,10000
300,5,all,0.01,-8.46347950411995,0.0443330804205417,10000,10000
300,5,all,0.05,-7.78936436476859,0.0199299947982549,10000,10000
300,5,all,0.1,-7.49130271882794,0.0155373652150982,10000,10000
400,5,all,0.01,-8.53806121532924,0.0431851527694573,10000,10000
400,5,all,0.05,-7.9101613417107,0.0159871004180903,10000,10000
400,5,all,0.1,-7.6217750966773,0.0118001083736386,10000,10000
500,5,all,0.01,-8.67811650582733,0.0350642672955699,10000,10000
500,5,all,0.05,-8.0301894157178,0.0182804746231943,10000,10000
500,5,all,0.1,-7.73664754162385,0.0169222198333159,10000,10000
700,5,all,0.01,-8.83366432950034,0.0408790195748712,10000,10000
700,5,all,0.05,-8.19530515038469,0.0163644539429,10000,10000
700,5,all,0.1,-7.89760317722851,0.0163081127356327,10000,10000
900,5,all,0.01,-8.96600272771334,0.0517736179793647,10000,10000
900,5,all,0.05,-8.27720440189559,0.0167830948493027,10000,10000
900,5,all,0.1,-7.98208305030855,0.0113376554681553,10000,10000
1000,5,all,0.01,-8.98865421166802,0.0431274963368096,10000,10000
1000,5,all,0.05,-8.35048435465357,0.0167831654733146,10000,10000
1000,5,all,0.1,-8.02923771463285,0.0150709126155728,10000,10000
50,6,all,0.01,-7.19739384715544,0.0444493710030106,10000,10000
50,6,all,0.05,-6.52975817077028,0.0177929670048752,10000,10000
50,6,all,0.1,-6.19548284526377,0.01838076608766,10000,10000
75,6,all,0.01,-8.03301609765621,0.0525730525427608,10000,10000
75,6,all,0.05,-7.20034039806416,0.0226821332122785,10000,10000
75,6,all,0.1,-6.84381184495242,0.016868283260544,10000,10000
100,6,all,0.01,-8.21604362201408,0.041954672245095,10000,10000
100,6,all,0.05,-7.45928349774436,0.0180398075551848,10000,10000
100,6,all,0.1,-7.12782313980486,0.0138592540383566,10000,10000
150,6,all,0.01,-8.46245106763778,0.0470977831211324,10000,10000
150,6,all,0.05,-7.78511961783814,0.0191824955060187,10000,10000
150,6,all,0.1,-7.45345584463317,0.0173939394855869,10000,10000
200,6,all,0.01,-8.61393675639413,0.0366428164932169,10000,10000
200,6,all,0.05,-7.9183679370148,0.0150899086234317,10000,10000
200,6,all,0.1,-7.6115588566243,0.0138819468210484,10000,10000
250,6,all,0.01,-8.7158397336108,0.0394173560990017,10000,10000
250,6,all,0.05,-8.08811380277771,0.0179323391446839,10000,10000
250,6,all,0.1,-7.76203475783453,0.0154833891962689,10000,10000
300,6,all,0.01,-8.84058340191435,0.0252894800299531,10000,10000
300,6,all,0.05,-8.15386839939931,0.0211270136719443,10000,10000
300,6,all,0.1,-7.83053597272661,0.0146125509582085,10000,10000
400,6,all,0.01,-9.00423451970428,0.0355128025935318,10000,10000
400,6,all,0.05,-8.30503339520468,0.0180622186786346,10000,10000
400,6,all,0.1,-7.99405930159298,0.0127991876782165,10000,10000
500,6,all,0.01,-9.0906188627577,0.0579314966587622,10000,10000
500,6,all,0.05,-8.4221720520221,0.0172365486117192,10000,10000
500,6,all,0.1,-8.11420249643947,0.0154076001920191,10000,10000
700,6,all,0.01,-9.16032476879045,0.0340875846812378,10000,10000
700,6,all,0.05,-8.51019886755802,0.021131101558025,10000,10000
700,6,all,0.1,-8.23064981345521,0.0131389233057942,10000,10000
900,6,all,0.01,-9.38895215906155,0.0444544368313053,10000,10000
900,6,all,0.05,-8.66930687067348,0.0184305253345412,10000,10000
900,6,all,0.1,-8.37656683902221,0.0122452518550921,10000,10000
1000,6,all,0.01,-9.44259799143423,0.0442410172369892,10000,10000
1000,6,all,0.05,-8.72169853078308,0.0244180972111966,10000,10000
1000,6,all,0.1,-8.42672463057432,0.0150454295639852,10000,10000
